id,amount,to,notes
4,40,supaman,this is for pot buy
5,82,spyaman,this is for bitch buy
6,98,aquaman,this is for ass buy
7,48,aquaman,this is for ass buy
id,amount,to,notes
4,40,supaman,this is for pot buy
5,82,spyaman,this is for bitch buy
6,98,aquaman,this is for ass buy
7,48,aquaman,this is for ass buy
id,amount,to,notes
4,40,supaman,this is for pot buy
5,82,spyaman,this is for bitch buy
6,98,aquaman,this is for ass buy
7,48,aquaman,this is for ass buy
id,amount,to,notes
4,40,supaman,this is for pot buy
5,82,spyaman,this is for bitch buy
6,98,aquaman,this is for ass buy
7,48,aquaman,this is for ass buy
id,amount,to,notes
4,40,supaman,this is for pot buy
5,82,spyaman,this is for bitch buy
6,98,aquaman,this is for ass buy
7,48,aquaman,this is for ass buy
id,amount,to,notes
4,40,supaman,this is for pot buy
5,82,spyaman,this is for bitch buy
6,98,aquaman,this is for ass buy
7,48,aquaman,this is for ass buy
id,amount,to,notes
4,40,supaman,this is for pot buy
5,82,spyaman,this is for bitch buy
6,98,aquaman,this is for ass buy
7,48,aquaman,this is for ass buy
id,amount,to,notes
4,40,supaman,this is for pot buy
5,82,spyaman,this is for bitch buy
6,98,aquaman,this is for ass buy
7,48,aquaman,this is for ass buy
id,amount,to,notes
4,40,supaman,this is for pot buy
5,82,spyaman,this is for bitch buy
6,98,aquaman,this is for ass buy
7,48,aquaman,this is for ass buy
id,amount,to,notes
4,40,supaman,this is for pot buy
5,82,spyaman,this is for bitch buy
6,98,aquaman,this is for ass buy
7,48,aquaman,this is for ass buy
id,amount,to,notes
4,40,supaman,this is for pot buy
5,82,spyaman,this is for bitch buy
6,98,aquaman,this is for ass buy
7,48,aquaman,this is for ass buy
id,amount,to,notes
4,40,supaman,this is for pot buy
5,82,spyaman,this is for bitch buy
6,98,aquaman,this is for ass buy
7,48,aquaman,this is for ass buy
id,amount,to,notes
8,40,supaman,this is for pot buy
9,82,spyaman,this is for bitch buy
10,98,aquaman,this is for ass buy
11,48,aquaman,this is for ass buy
id,amount,to,notes
8,40,supaman,this is for pot buy
9,82,spyaman,this is for bitch buy
10,98,aquaman,this is for ass buy
11,48,aquaman,this is for ass buy
id,amount,to,notes
8,40,supaman,this is for pot buy
9,82,spyaman,this is for bitch buy
10,98,aquaman,this is for ass buy
11,48,aquaman,this is for ass buy
id,amount,to,notes
8,40,supaman,this is for pot buy
9,82,spyaman,this is for bitch buy
10,98,aquaman,this is for ass buy
11,48,aquaman,this is for ass buy
id,amount,to,notes
8,40,supaman,this is for pot buy
9,82,spyaman,this is for bitch buy
10,98,aquaman,this is for ass buy
11,48,aquaman,this is for ass buy
id,amount,to,notes
8,40,supaman,this is for pot buy
9,82,spyaman,this is for bitch buy
10,98,aquaman,this is for ass buy
11,48,aquaman,this is for ass buy